PlateLabel,MainCondition,Barcode_DNA,Reference
JDHEK_P1,JDHEK,CGCTCAGTTC,GCATTTCCTGTGAAATAATACTGGTATGTATTTAACCATGCAGATCCTCAGTTTGTGGTCTGCCAGCTAAAGGTGAAGATATATTCCTCCAATTCAGGACCCACACGACGGGAAGACAAGTTCATGTACTTTGAGTTCCCTCAGCCGTTACCTGTGTGTGGTGATATCAAAGTAGAGTTCTTCCACAAACAGAACAAGATGCTAAAAAAGGTTTGTACTTTACTTTCATTGGGA
JDHEK_P2,JDHEK,TATCTGACCT,GCATTTCCTGTGAAATAATACTGGTATGTATTTAACCATGCAGATCCTCAGTTTGTGGTCTGCCAGCTAAAGGTGAAGATATATTCCTCCAATTCAGGACCCACACGACGGGAAGACAAGTTCATGTACTTTGAGTTCCCTCAGCCGTTACCTGTGTGTGGTGATATCAAAGTAGAGTTCTTCCACAAACAGAACAAGATGCTAAAAAAGGTTTGTACTTTACTTTCATTGGGA
FBXO11_P1,FBXO11,ATATGAGACG,CTAGCACTCCATGTCCATTGTCATAAAAATAAACACCAACCTAAAATTTAAAAAAAAAAAAAAAGCTTTTTCAAGGGACAAGTATTTACAAAACAATGTATTTCCCATCCAAGAGTCCAGGCTAATCCTACCTGCTTGCCACTGTGTATCCGGTTTCTTCTCAGTACTGGAG
FBXO11_P2,FBXO11,CTTATGGAAT,CTAGCACTCCATGTCCATTGTCATAAAAATAAACACCAACCTAAAATTTAAAAAAAAAAAAAAAGCTTTTTCAAGGGACAAGTATTTACAAAACAATGTATTTCCCATCCAAGAGTCCAGGCTAATCCTACCTGCTTGCCACTGTGTATCCGGTTTCTTCTCAGTACTGGAG
FBXO11_P3,FBXO11,TAATCTCGTC,CTAGCACTCCATGTCCATTGTCATAAAAATAAACACCAACCTAAAATTTAAAAAAAAAAAAAAAGCTTTTTCAAGGGACAAGTATTTACAAAACAATGTATTTCCCATCCAAGAGTCCAGGCTAATCCTACCTGCTTGCCACTGTGTATCCGGTTTCTTCTCAGTACTGGAG
FBXO11_P4,FBXO11,GCGCGATGTT,CTAGCACTCCATGTCCATTGTCATAAAAATAAACACCAACCTAAAATTTAAAAAAAAAAAAAAAGCTTTTTCAAGGGACAAGTATTTACAAAACAATGTATTTCCCATCCAAGAGTCCAGGCTAATCCTACCTGCTTGCCACTGTGTATCCGGTTTCTTCTCAGTACTGGAG
DQB1_P1,DQB1,AGAGCACTAG,CAAAATCCCCGAGGCATTCGTTCTTCAGCTCTTCTATAATCGAGAGGAAATTTTCACCTCAGATGTTCATCCAGTACAATTTGAAGACGTCACAGTGCCAGGCACTGGATTGAGAACCTTCACAAAAAAAATGTCTGCCCAGAGACAGATGAGGTCCTTCAGCTCCAGTGCTGATTGGTTCTTTTCCGAGGGACCATCCAATCCTGCCACTCACGGAAACATCCACAGGTTTTTATTCTTTCTGCCAGGTACATCAGATCCATCAGGTCCGA
DQB1_P2,DQB1,TGCCTTGATC,CAAAATCCCCGAGGCATTCGTTCTTCAGCTCTTCTATAATCGAGAGGAAATTTTCACCTCAGATGTTCATCCAGTACAATTTGAAGACGTCACAGTGCCAGGCACTGGATTGAGAACCTTCACAAAAAAAATGTCTGCCCAGAGACAGATGAGGTCCTTCAGCTCCAGTGCTGATTGGTTCTTTTCCGAGGGACCATCCAATCCTGCCACTCACGGAAACATCCACAGGTTTTTATTCTTTCTGCCAGGTACATCAGATCCATCAGGTCCGA
DQB1_P3,DQB1,CTACTCAGTC,CAAAATCCCCGAGGCATTCGTTCTTCAGCTCTTCTATAATCGAGAGGAAATTTTCACCTCAGATGTTCATCCAGTACAATTTGAAGACGTCACAGTGCCAGGCACTGGATTGAGAACCTTCACAAAAAAAATGTCTGCCCAGAGACAGATGAGGTCCTTCAGCTCCAGTGCTGATTGGTTCTTTTCCGAGGGACCATCCAATCCTGCCACTCACGGAAACATCCACAGGTTTTTATTCTTTCTGCCAGGTACATCAGATCCATCAGGTCCGA
DQB1_P4,DQB1,TCGTCTGACT,CAAAATCCCCGAGGCATTCGTTCTTCAGCTCTTCTATAATCGAGAGGAAATTTTCACCTCAGATGTTCATCCAGTACAATTTGAAGACGTCACAGTGCCAGGCACTGGATTGAGAACCTTCACAAAAAAAATGTCTGCCCAGAGACAGATGAGGTCCTTCAGCTCCAGTGCTGATTGGTTCTTTTCCGAGGGACCATCCAATCCTGCCACTCACGGAAACATCCACAGGTTTTTATTCTTTCTGCCAGGTACATCAGATCCATCAGGTCCGA
